model,rmse,r2
XGB,19701.415177595747,0.9843030571937561
XGB+phys,19729.502781367806,0.984258234500885
PINN,38439.168357288894,0.9402457475662231
OLS+phys,39868.18416216346,0.9357203384673006
OLS,39868.18416216346,0.9357203384673006
MLP,47616.67741453618,0.9083064198493958
